PRN,Elevation,d_trop (m),d_ion (m)
24,9.038288,13.717186,2.447673
13,28.535629,4.880564,1.554455
8,65.059552,2.578566,0.938837
21,10.248381,12.590365,2.387884
29,27.640809,5.024896,1.584888
26,10.442246,12.389200,2.378070
10,58.988235,2.727462,0.986186
17,25.400946,5.431968,1.666163
2,14.900385,8.989861,2.145725
28,10.421439,12.408707,2.379125
3,12.598838,10.514914,2.266310
27,64.723442,2.585637,0.941108
