PRN,X,Y,Z,e,n,u,elevation,azimuth,distance
1,31.046239,152.578779,22772896.338673
3,13.273755,172.850171,24521125.817292
7,1.094806,-32.628302,26009832.371431
9,13.837371,25.425250,23862083.031309
11,57.430670,-90.876231,20930774.964372
13,47.522351,111.499885,21565514.672866
17,42.870694,-172.177154,21855778.045140
18,11.052667,-125.142911,24571511.110411
20,32.028768,66.655825,22757450.358962
26,22.508839,-60.933041,23549108.941466
29,20.299680,-45.243495,23361548.155546
