PRN,Elevation,d_trop (m),d_ion (m)
24,9.038288,13.717186,2.447673
13,28.535584,4.880571,1.554456
8,65.059664,2.578564,0.938836
21,10.248383,12.590363,2.387883
29,27.640849,5.024890,1.584887
26,10.442263,12.389184,2.378069
10,58.988247,2.727461,0.986185
17,25.400914,5.431975,1.666164
2,14.900386,8.989861,2.145725
28,10.421440,12.408705,2.379125
3,12.598842,10.514911,2.266310
27,64.723361,2.585638,0.941109
