Xr,Yr,Zr,sX,sY,sZ,clk_err,PDOP
3.104218e+06,998382.983312,5463291.076406,0.925004,0.729550,1.502340,5.1987140270e-04,1.261715
